{
    "code": 200,
    "msg": "ok",
    "report_time": "2023-05-30 12:12:41",
    "data": {
        "enquiry_cpf": "11085046630",
        "report_version": "V1",
        "connection_key": "c188967f993a461f8f2198239dcae825",
        "connection_id": "Uw5cYkeGzBhzXeOVjbXTCmVzdF4qN32e",
        "report_id": "174e1fd6-6293-49c0-a38f-97c45e14be8b",
        "user_consent": "Yes",
        "allow_autoupdate": "Yes",
        "institution_id": "033",
        "report_type": "balance",
        "accountBalance": [
            {
                "bank_name": "Santander",
                "bacen_name": "BANCO SANTANDER (BRASIL) S.A.",
                "bacen_id": "033",
                "agency_number": "0157",
                "account_type": "checking",
                "account_number": "01.063547.9",
                "cpf_verified": "11085046630",
                "account_holder": "EVA ROSANGELA CRUZ CALDEIRA",
                "current_balance": 4262.88,
                "available_limit": -1,
                "total_limit": -1
            },
            {
                "bank_name": "Santander",
                "bacen_name": "BANCO SANTANDER (BRASIL) S.A.",
                "bacen_id": "033",
                "agency_number": "0157",
                "account_type": "creditcard",
                "account_number": "3927",
                "cpf_verified": "11085046630",
                "account_holder": "EVA ROSANGELA CRUZ CALDEIRA",
                "current_balance": 10312.97,
                "available_limit": 13120.9,
                "total_limit": 31680
            }
        ]
    },
    "query_param": {}
}